Model,Accuracy,Precision,F1-Score,ROC_AUC,Recall
Logistic Regression,0.8048261178140526,0.6622950819672131,0.5949926362297496,0.845909220078018,0.5401069518716578
Gradient Boosting,0.801277501774308,0.6620689655172414,0.5783132530120482,0.8431088377379937,0.5133689839572193
Random Forest,0.7970191625266146,0.6486486486486487,0.573134328358209,0.8350822806065773,0.5133689839572193
XGBoost,0.7785663591199432,0.6033333333333334,0.5370919881305638,0.8189800821514376,0.4839572192513369
Decision Tree,0.7615330021291696,0.553072625698324,0.5409836065573771,0.7529915523521662,0.5294117647058824
